Role	Animation	Layer	TotalFrame	TailLength	OffsetX[1]	OffsetZ[1]	Cos[1]	Sin[1]	OffsetX[2]	OffsetZ[2]	Cos[2]	Sin[2]	OffsetX[3]	OffsetZ[3]	Cos[3]	Sin[3]	OffsetX[4]	OffsetZ[4]	Cos[4]	Sin[4]	OffsetX[5]	OffsetZ[5]	Cos[5]	Sin[5]	OffsetX[6]	OffsetZ[6]	Cos[6]	Sin[6]	OffsetX[7]	OffsetZ[7]	Cos[7]	Sin[7]	OffsetX[8]	OffsetZ[8]	Cos[8]	Sin[8]	OffsetX[9]	OffsetZ[9]	Cos[9]	Sin[9]	OffsetX[10]	OffsetZ[10]	Cos[10]	Sin[10]	OffsetX[11]	OffsetZ[11]	Cos[11]	Sin[11]	OffsetX[12]	OffsetZ[12]	Cos[12]	Sin[12]	OffsetX[13]	OffsetZ[13]	Cos[13]	Sin[13]	OffsetX[14]	OffsetZ[14]	Cos[14]	Sin[14]	OffsetX[15]	OffsetZ[15]	Cos[15]	Sin[15]	OffsetX[16]	OffsetZ[16]	Cos[16]	Sin[16]	OffsetX[17]	OffsetZ[17]	Cos[17]	Sin[17]	OffsetX[18]	OffsetZ[18]	Cos[18]	Sin[18]	OffsetX[19]	OffsetZ[19]	Cos[19]	Sin[19]	OffsetX[20]	OffsetZ[20]	Cos[20]	Sin[20]	OffsetX[21]	OffsetZ[21]	Cos[21]	Sin[21]	OffsetX[22]	OffsetZ[22]	Cos[22]	Sin[22]	OffsetX[23]	OffsetZ[23]	Cos[23]	Sin[23]	OffsetX[24]	OffsetZ[24]	Cos[24]	Sin[24]	OffsetX[25]	OffsetZ[25]	Cos[25]	Sin[25]	OffsetX[26]	OffsetZ[26]	Cos[26]	Sin[26]	OffsetX[27]	OffsetZ[27]	Cos[27]	Sin[27]	OffsetX[28]	OffsetZ[28]	Cos[28]	Sin[28]	OffsetX[29]	OffsetZ[29]	Cos[29]	Sin[29]
Mb1HuoshatailMd010002	Attack01	0	29	0	0	0	1	0	0	0.0021	1	0	0	0.007	1	0	0	0.0125	1	0	0	0.016	1	0	0	-0.0199	1	0	0	-0.101	1	0	0	-0.1778	1	0	0	-0.222	1	0	0	-0.2509	1	0	0	-0.263	1	0	0	0.044	1	0	0	2.196	1	0	0	3.8696	1	0	0	4.371	1	0	0	3.9727	1	0	0	2.311	1	0	0	2.3375	1	0	0	2.337	1	0	0	2.3308	1	0	0	2.3287	1	0	0	2.328	1	0	0	2.3286	1	0	0	2.329	1	0	0	2.329	1	0	0	2.3288	1	0	0	2.328	1	0	0	2.3281	1	0	0	2.327	1	0
Mb1HuoshatailMd010002	Attack02	0	27	0.033333	0	0	1	0	0	0	1	0	0	0	1	0	0	0	1	0	0	0	1	0	0	0	1	0	0	0	1	0	0	0	1	0	0	0	1	0	0	0	1	0	0	0	1	0	0	0	1	0	0	0	1	0	0	0	1	0	0	0	1	0	0	0	1	0	0	0	1	0	0	0	1	0	0	0	1	0	0	0	1	0	0	0	1	0	0	0	1	0	0	0	1	0	0	0	1	0	0	0	1	0	0	0	1	0	0	0	1	0	0	0	1	0
Mb1HuoshatailMd010002	Attack03	0	24	0.016667	0	0	1	0	0	0.0284	1	0	0	0.104	1	0	0	0.2136	1	0	0	0.3425	1	0	0	0.4802	1	0	0	0.614	1	0	0	0.7363	1	0	0	0.863	1	0	0	1.0024	1	0	0	1.153	1	0	0	1.3146	1	0	0	1.5101	1	0	0	1.7481	1	0	0	2.03	1	0	0	2.3859	1	0	0	2.86	1	0	0	3.0173	1	0	0	3.008	1	0	0	3.008	1	0	0	3.008	1	0	0	3.008	1	0	0	3.008	1	0	0	3.008	1	0	0	3.008	1	0
