Role	Animation	Layer	TotalFrame	TailLength	Params[1]	Params[2]	Params[3]
R1LifuMd010013	Run	0	14	0.016667	1|0|4	1|4|3	1|11|4
R1LifuMd010013	RunLeanL	0	14	0.016667	1|0|4	1|4|3	1|11|4
R1LifuMd010013	RunLeanR	0	14	0.016667	1|0|4	1|4|3	1|11|4
R1LifuMd010013	RunStart	0	15	0.033333	1|0|1	1|4|2	1|9|1
