Role	Animation	Layer	TotalFrame	TailLength	Params[1]	Params[2]	Params[3]
R1LuxiyaMd010011	Run	0	14	0.016667	1|0|4	1|3|3	1|10|4
R1LuxiyaMd010011	RunLeanL	0	14	0.016667	1|0|4	1|3|3	1|10|4
R1LuxiyaMd010011	RunLeanR	0	14	0.016667	1|0|4	1|3|3	1|10|3
R1LuxiyaMd010011	RunStart	0	15	0.033333	1|0|1	1|6|2	1|12|1
