Role	Animation	Layer	TotalFrame	TailLength	Params[1]	Params[2]	Params[3]
R2KamuMd010011	Run	0	15	0.033333	1|0|3	1|3|4	1|10|3
R2KamuMd010011	RunLeanL	0	15	0.033333	1|0|3	1|3|4	1|10|3
R2KamuMd010011	RunLeanR	0	15	0.033333	1|0|3	1|3|4	1|10|3
R2KamuMd010011	RunStart	0	18	0.016667	1|0|1	1|8|2	1|15|1
R2KamuMd010011	Run	1	14	0.016667	1|0|3	1|4|4	1|11|3
R2KamuMd010011	RunLeanL	1	14	0.016667	1|0|3	1|4|4	1|11|3
R2KamuMd010011	RunLeanR	1	14	0.016667	1|0|3	1|4|4	1|11|3
R2KamuMd010011	RunStart	1	15	0.033333	1|0|1	1|6|2	1|12|1
