Role	Animation	Layer	TotalFrame	TailLength	Params[1]	Params[2]	Params[3]
R2LiangMd019091	Run	0	14	0.016667	1|0|4	1|4|4	1|11|4
R2LiangMd019091	RunLeanL	0	14	0.016667	1|0|4	1|4|3	1|11|4
R2LiangMd019091	RunLeanR	0	14	0.016667	1|0|4	1|4|4	1|11|4
R2LiangMd019091	RunStart	0	15	0.033333	1|0|2	1|6|1	1|12|2
