Role	Animation	Layer	TotalFrame	TailLength	Params[1]	Params[2]	Params[3]
R2ShenweiMd010011	Run	0	15	0.033333	1|0|3	1|3|4	1|11|3
R2ShenweiMd010011	RunLeanL	0	15	0.033333	1|0|3	1|3|4	1|11|3
R2ShenweiMd010011	RunLeanR	0	15	0.033333	1|0|3	1|3|4	1|11|3
R2ShenweiMd010011	RunStart	0	15	0.033333	1|0|1	1|6|2	1|12|1
