Role	Animation	Layer	TotalFrame	TailLength	Params[1]	Params[2]	Params[3]
R2WeilaMd010031	Run	0	14	0.016667	1|0|3	1|2|4	1|9|3
R2WeilaMd010031	RunLeanL	0	14	0.016667	1|0|3	1|2|4	1|9|3
R2WeilaMd010031	RunLeanR	0	14	0.016667	1|0|3	1|2|4	1|9|3
R2WeilaMd010031	RunStart	0	15	0.033333	1|0|1	1|8|2
