Role	Animation	Layer	TotalFrame	TailLength	Params[1]	Params[2]	Params[3]	Params[4]
R3BiankaMd010011	Run	0	14	0.016667	1|0|3	1|3|4	1|9|3
R3BiankaMd010011	RunLeanL	0	14	0.016667	1|0|3	1|3|4	1|9|3
R3BiankaMd010011	RunLeanR	0	13	0.033333	1|0|3	1|3|4	1|8|3
R3BiankaMd010011	RunStart	0	15	0.033333	1|0|1	1|9|2	1|11|1	1|12|1
