Role	Animation	Layer	TotalFrame	TailLength	Params[1]	Params[2]	Params[3]	Params[4]
R3LiangMd010021	Run	0	14	0.016667	1|0|4	1|4|3	1|11|4
R3LiangMd010021	RunLeanL	0	14	0.016667	1|0|4	1|4|3	1|11|4
R3LiangMd010021	RunLeanR	0	14	0.016667	1|0|4	1|4|3	1|11|4
R3LiangMd010021	RunStart	0	15	0.033333	1|0|2	1|3|1	1|7|2	1|11|1
