Role	Animation	Layer	TotalFrame	TailLength	Params[1]	Params[2]	Params[3]
R3LifuMd010011	Run	0	27	0.033333	1|0|4	1|8|3	1|20|4
R3LifuMd010011	RunLeanL	0	27	0.033333	1|0|4	1|8|3	1|20|4
R3LifuMd010011	RunLeanR	0	27	0.033333	1|0|4	1|8|3	1|20|4
R3LifuMd010011	RunStart	0	23	0.033333	1|0|1	1|8|2	1|16|1
