Role	Animation	Layer	TotalFrame	TailLength	Params[1]	Params[2]	Params[3]
R3LuxiyaMd019011	Run	0	14	0.016667	1|0|4	1|4|3	1|11|4
R3LuxiyaMd019011	RunLeanL	0	14	0.016667	1|0|4	1|4|3	1|11|4
R3LuxiyaMd019011	RunLeanR	0	14	0.016667	1|0|4	1|4|3	1|11|4
R3LuxiyaMd019011	RunStart	0	17	0.033333	1|0|1	1|8|2	1|14|1
