Role	Animation	Layer	TotalFrame	TailLength	Params[1]	Params[2]	Params[3]
R3ShenweiMd010021	Run	0	15	0.033333	1|0|4	1|5|3	1|12|4
R3ShenweiMd010021	RunLeanL	0	15	0.033333	1|0|4	1|5|3	1|12|4
R3ShenweiMd010021	RunLeanR	0	15	0.033333	1|0|4	1|5|3	1|12|4
R3ShenweiMd010021	RunStart	0	18	0.016667	1|0|1	1|9|2	1|15|1
