Id	PosX	PosY	PosZ	RotX	RotY	RotZ	Comment
1	-1.24328	0.164514	-0.1107832	167.756	-89.24799	-0.4019775	Beng Yue Head
2	0	0	0	0	0	0	Beng Yue Left Hand
3	10	0	10	0	0	0	Beng Yue Right Hand
